{
    "$schema": "https://raw.githubusercontent.com/grafana/grafana/main/docs/sources/developers/plugins/plugin.schema.json",
    "type": "panel",
    "name": "JAOPS Telemetric Image Panel",
    "id": "jaops-telemetricimage-panel",
    "streaming": false,
    "info": {
        "keywords": [
            "yamcs",
            "image",
            "panel",
            "jaops"
        ],
        "description": "Telemetric Image Visualization Panel for JAOPS Yamcs plugin",
        "author": {
            "name": "JAOPS"
        },
        "logos": {
            "small": "img/logo.png",
            "large": "img/logo.png"
        },
        "screenshots": [],
        "version": "%VERSION%",
        "updated": "%TODAY%"
    },
    "dependencies": {
        "grafanaDependency": ">=10.4.0",
        "plugins": []
    },
    "buildMode": "production"
}