{
    "$schema": "https://raw.githubusercontent.com/grafana/grafana/main/docs/sources/developers/plugins/plugin.schema.json",
    "type": "app",
    "name": "Grafana Yamcs JAOPS",
    "id": "jaops-yamcs-app",
    "info": {
        "keywords": [
            "yamcs",
            "telemetry",
            "commanding",
            "spacecraft",
            "mission-control",
            "aerospace",
            "satellite",
            "rover",
            "robot"
        ],
        "description": "A comprehensive Grafana plugin to connect to Yamcs servers for real-time telemetry visualization and commanding capabilities. Designed for mission control centers, aerospace applications and beyond.",
        "author": {
            "name": "JAOPS",
            "email": "info@jaops.com",
            "url": "https://www.jaops.com"
        },
        "logos": {
            "small": "img/logo.png",
            "large": "img/logo.png"
        },
        "screenshots": [
            {
                "name": "Telemetry Dashboard",
                "path": "screenshots/telemetry.png"
            },
            {
                "name": "Commanding Interface",
                "path": "screenshots/commanding.png"
            }
        ],
        "links": [
            {
                "name": "GitHub Repository",
                "url": "https://github.com/jaops-space/grafana-yamcs-jaops/"
            },
            {
                "name": "Documentation",
                "url": "https://github.com/jaops-space/grafana-yamcs-jaops/blob/main/README.md"
            },
            {
                "name": "Setup Instructions",
                "url": "https://github.com/jaops-space/grafana-yamcs-jaops/blob/main/setup_instructions.md"
            }
        ],
        "version": "1.0.0",
        "updated": "2025-09-14"
    },
    "includes": [
        {
            "type": "page",
            "name": "Overview",
            "path": "/a/jaops-yamcs-app/",
            "addToNav": true,
            "defaultNav": true
        },
        {
            "type": "page",
            "name": "How to use the plugin",
            "path": "/a/jaops-yamcs-app/how-to-use",
            "icon": "question-circle",
            "addToNav": true
        },
        {
            "type": "page",
            "name": "Commanding",
            "icon": "rocket",
            "path": "/a/jaops-yamcs-app/commanding-setup",
            "addToNav": true
        },
        {
            "type": "page",
            "name": "Image Panel",
            "icon": "gf-portrait",
            "path": "/a/jaops-yamcs-app/image-panel-setup",
            "addToNav": true
        },
        {
            "type": "page",
            "name": "Variables",
            "icon": "variable",
            "path": "/a/jaops-yamcs-app/variable-setup",
            "addToNav": true
        },
        {
            "type": "datasource",
            "name": "Yamcs Datasource",
            "id": "jaops-yamcs-datasource",
            "path": "datasource/plugin.json"
        },
        {
            "type": "panel",
            "name": "JAOPS Commanding Panel",
            "id": "jaops-commanding-panel",
            "path": "commanding-panel/plugin.json"
        },
        {
            "type": "panel",
            "name": "JAOPS Command History Panel",
            "id": "jaops-command-history-panel",
            "path": "command-history-panel/plugin.json"
        },
        {
            "type": "panel",
            "name": "JAOPS Image Panel",
            "id": "jaops-image-panel",
            "path": "image-panel/plugin.json"
        },
        {
            "type": "panel",
            "name": "JAOPS Static Image Panel",
            "id": "jaops-static-image-panel",
            "path": "static-image-panel/plugin.json"
        },
        {
            "type": "panel",
            "name": "JAOPS Variable Commanding Panel",
            "id": "jaops-variable-commanding-panel",
            "path": "variable-commanding-panel/plugin.json"
        }
    ],
    "dependencies": {
        "grafanaDependency": ">=10.4.0",
        "plugins": []
    },
    "buildMode": "production"
}